id,sku,short_description,price,list_price,price_usd,discount,discount_rate,review_count,order_count,inventory_status,is_visible,stock_item_qty,stock_item_max_sale_qty,product_name,brand_id,brand_name
155640558,6466895438042,"Nồi Luộc Gà Inox 3 Đáy Sunhouse SH28LG thân làm từ chất liệu inox cao cấp dễ dàng vệ sinh.Sử dụng trên mọi loại bếp.Đáy 3 lớp siêu bền, giúp giữ nhiệt lâu, nấu chín đều, chống cháy khét.Vung kính...",389000,660000,,271000,41,7,,available,,1000.0,1000.0,,41048,Sunhouse
579962,1221996228592,"Bộ nồi 5 đáy cao cấp núm vàng Sunhouse SH781 bao gồm 3 nồi với kích thước lần lượt 16cm, 20cm và 24cm đáp ứng tốt nhu cầu sử dụng. Thân nồi được thiết kế thân phẳng, kiểu dáng châu Âu sang trọng.Với ...",539000,960000,,421000,44,587,,available,,1000.0,1000.0,,41048,Sunhouse
28445641,9698715255641,"Hộp cơm điện Lock&Lock EJR216 lý tưởng để nấu cơm, hấp trứng, rau, thịt và giữ ấm thức ăn.Hộp cơm có ba tầng. Bạn có thể bảo quản cơm, thịt, súp riêng biệt để đáp ứng nhu cầu bữa ăn của bạn.Nếu...",664000,1493000,,829000,56,1708,,available,,1000.0,1000.0,,48077,LocknLock
134621577,2529885112893,Bộ Dao 7 Món Lock&Lock CKK301 - Đen có thể chế biến được nhiều món ăn khác nhau nhờ nhiều kích thước dao.Lưỡi làm bằng thép sắc bén giúp chế biến món ăn nhanh chóng.Lưỡi dao không bị gỉ sét có đ...,1231000,2657000,,1426000,54,272,,available,,1000.0,1000.0,,48077,LocknLock
580040,1228374919714,"Chảo Đá Chống Dính Siêu Bền Sunhouse SBD24 24cm với chất liệu hợp kim nhôm dày 3mm phủ lớp chống chính an toàn và siêu bền, không dễ bong tróc lớp chống dính trên bề mặt như những loại chảo khác và đặ...",201000,320000,,119000,37,50,,available,,1000.0,1000.0,,41048,Sunhouse
25421013,6064688338125,"Bộ Nồi Inox 3 Đáy Sunhouse SH335 chất liệu inox sáng bóng, bền đẹp, sử dụng được trên mọi loại bếp.Quai núm bằng inox, đinh tán chắc chắn, an toàn khi sử dụng.Đáy nồi cấu tạo 3 lớp, truyền nhi...",395000,620000,,225000,36,141,,available,,1000.0,1000.0,,41048,Sunhouse
2039747,8122174564682,"Bộ Nồi Inox 3 Đáy Sunhouse SH334 bao gồm 3 nồi với kích thước lần lượt 16cm, 20cm và 24cm đáp ứng tốt nhu cầu sử dụng. Thân nồi được thiết kế thân phẳng, kiểu dáng châu Âu sang trọng.Với chất...",489000,690000,,201000,29,93,,available,,1000.0,1000.0,,41048,Sunhouse
129143705,1375481910388,"       NỒI HẤP INOX 3 TẦNG 28CM   ĐIỂM NỔI BẬT   - Bộ nồi hấp đa năng gồm:01 nồi đáy, 01 giá hấp, 02 miếng lót khi hấp, 1 nắp.   - Dùng được cho mọi loại bếp: bếp từ, bếp ga, bếp hồng ngoại   ...",99000,99000,,0,0,0,,available,,1000.0,1000.0,,111461,OEM
32178097,2080349748762,"Chảo Kim Cương Đáy Từ Nagakawa NAG2653 Lòng chảo: Sâu lòngCán chảo: Nhựa Bakelit chịu nhiệtĐáy từ: CóSản phẩm được thiết kế từ nhôm cao cấp an toànĐáy từ độ bền cao, bắt từ đềuChống dính đa lớp ...",333000,585000,,252000,43,804,,available,,1000.0,1000.0,,110935,Nagakawa
578967,1222109028719,"Chảo Đá Chống Dính Siêu Bền Sunhouse SBD28 28cm với chất liệu hợp kim nhôm dày 3mm phủ lớp chống chính an toàn và siêu bền, không dễ bong tróc lớp chống dính trên bề mặt như những loại chảo khác và đặ...",256000,430000,,174000,40,1184,,available,,1000.0,1000.0,,41048,Sunhouse
25421013,6064688338125,"Bộ Nồi Inox 3 Đáy Sunhouse SH335 chất liệu inox sáng bóng, bền đẹp, sử dụng được trên mọi loại bếp.Quai núm bằng inox, đinh tán chắc chắn, an toàn khi sử dụng.Đáy nồi cấu tạo 3 lớp, truyền nhi...",395000,620000,,225000,36,141,,available,,1000.0,1000.0,,41048,Sunhouse
1024190,4116222211578,"Bộ 3 Hộp Cơm Giữ Nhiệt Lock&Lock Mushroom LHC8025SLV - Bạc dùng để đựng thực phẩm, thích hợp để sử dụng hằng ngày.Bộ sản phẩm gồm: Hộp cơm 460ml, 2 hộp thức ăn 420ml và 280ml, 1 túi giữ nhiệt, 1...",447000,1007000,,560000,56,1284,,available,,1000.0,1000.0,,48077,LocknLock
271539474,6251816046979,"- Chất liệu: Thân: Thép không gỉ 304 / Nắp: Nhựa PP, TPE / Gioăng, đệm: silicone - Dễ dàng mở nắp chống trượt: Nắp được phủ nhựa TPE chống trượt giúp dễ dàng mở nắp cho dù kích thước rộng. - Miệng h...",662000,1490000,,828000,56,6,,available,,1000.0,1000.0,,48077,LocknLock
73125530,4485355058795,"Hộp cơm thủy tinh kèm muỗng đũa LocknLock LLG991CL 930ml thiết kế vách ngăn giúp thực phẩm không bị trộn lẫn khi bỏ vào chung một hộp.Borosilicate là thủy tinh chịu nhiệt (lên tới 120 độ C), an toàn...",164000,362000,,198000,55,1295,,available,,1000.0,1000.0,,48077,LocknLock
53583472,4451468802389,"Bộ Hộp Cơm Giữ Nhiệt Lock&Lock Easy Carry 2L LHC8039 Có Túi (1 Hộp 720ml, 2 Hộp 420ml Kèm 1 Bộ Muỗng Và Nĩa) được làm bằng chất liệu thép không gỉ cao cấp, không những bền chắc mà còn mang lại hi...",741000,1667000,,926000,56,2604,,available,,1000.0,1000.0,,48077,LocknLock
81763153,9031209147249,"       Nắp kính trong suốt, chịu nhiệt tốt, dễ quan sát bên trong.       Lòng xửng hấp có khoét lỗ đồng nhất về kích cỡ giúp lan tỏa nhiệt tốt, hấp thức ăn tiện lợi   Thiết kế đáy phẳng truyền ...",434000,434000,,0,0,1,,available,,1000.0,1000.0,,111461,OEM
172940012,9759691303978,"Bộ Dao Nhà Bếp Nhật 6 Món Cao Cấp - Chính hãng DODODIOS  Bộ dao inox 6 món Nhật Bản được làm bằng inox bền đẹp, cứng chắc, dễ dàng chùi rửa khi bị bám bẩn. Chất liệu chống gỉ sét, chống ăn mòn, k...",184000,184000,,0,0,70,,available,,1000.0,1000.0,,5272071,dododios
10775990,1345493930885,"Bộ 3 Nồi Inox 1 Đáy Sunhouse SH224 Dùng Mọi Bếp (16-18-24cm) - Chính HãngĐẶC ĐIỂM NỔI BẬTKiểu dáng châu Âu sang trọngChất liệu inox không bị oxy hoá, bền đẹp, sáng bóng, an toàn cho sức khỏeSử dụ...",325000,325000,,0,0,0,,available,,1000.0,1000.0,,41048,Sunhouse
32178088,5802553235664,"Cấu tạo siêu bền, công nghệ tiên tiếnNồi Áp Suất Nagakawa NAG1441 Công năng nấu, hầm nhừ thực phẩmBề mặt xử lý công nghệ tiên tiến giúp sản phẩm cứng và chắc. Nồi được làm bằng chất liệu hợp kim nhô...",350000,350000,,0,0,362,,out_of_stock,,,,,110935,Nagakawa
579962,1221996228592,"Bộ nồi 5 đáy cao cấp núm vàng Sunhouse SH781 bao gồm 3 nồi với kích thước lần lượt 16cm, 20cm và 24cm đáp ứng tốt nhu cầu sử dụng. Thân nồi được thiết kế thân phẳng, kiểu dáng châu Âu sang trọng.Với ...",539000,960000,,421000,44,587,,available,,1000.0,1000.0,,41048,Sunhouse
184661015,5783748081180,"Chống dính Ceramic 6 lớpBộ nồi chảo Ceramic đáy từ SUNHOUSE SHG1104B1 nổi bật và khác biệt với công nghệ chống dính an toàn tuyệt đối cho sức khỏe, được chứng nhận bởi FDA (Hoa Kỳ). Chống dính 6 lớp ...",1096000,2060000,,964000,47,10,,available,,1000.0,1000.0,,41048,Sunhouse
96475040,2455885588352,"Thân nồi được làm bằng inoxChất liệu inox không gỉ giúp cho Bộ nồi chảo inox 5 đáy Sunhouse SHG995 sáng bóng, dễ dàng lau chùi, vệ sinh. Kiểu dáng của bộ nồi trang nhã phù hợp với mọi không gian bếp....",1174000,1940000,,766000,39,12,,available,,1000.0,1000.0,,41048,Sunhouse
72797082,8932787652719,"Chảo Sâu Lòng Decor Lock&Lock LDE1225IH với thiết kế tinh tế, hiện đại có thể trở thành đồ dùng nội thất đem lại một cảm quan ấn tượng và nổi bật cho căn bếp của bạn Sự kết hợp lớp phủ tốt nhất...",307000,662000,,355000,54,106,,available,,1000.0,1000.0,,48077,LocknLock
189588520,8042762600532,"Thân nhôm siêu bềnBộ nồi chảo chống dính Sunhouse cao cấp AM1101G có phần thân nhôm được chế tác tinh xảo, đảm bảo đặc tính truyền nhiệt nhanh và giữ nhiệt độ tốt giúp tiết kiệm năng lượng đốt n...",1097000,2737000,,1640000,60,21,,available,,1000.0,1000.0,,41048,Sunhouse
7221847,8479744178320,"Thân nồi được làm bằng inox cao cấpBộ Nồi Inox 5 Đáy Sunhouse Mama SH784 chất liệu inox cao cấp giúp cho bộ nồi SH784 sáng bóng, dễ dàng lau chùi, vệ sinh. Kiểu dáng của bộ nồi sang trọng,...",779000,1340000,,561000,42,286,,available,,1000.0,1000.0,,41048,Sunhouse
7699064,1583048924259,"Chảo Nhôm Sâu Lòng Chống Dính Lock&Lock Baum Marble 1 Tay Cầm, Nắp Thủy Tinh LBU1285 (28cm) mang đến sự tinh tế và sang trọng, là đồ dùng nhà bếp được trau chuốt bởi thiết kế hiện đại và mới mẻ....",359000,776000,,417000,54,389,,available,,1000.0,1000.0,,48077,LocknLock
984740,4147044149800," Bộ Nồi Xửng Hấp Fivestar Inox 3 Đáy ST24-3D được thiết kế tiện dụng với 1 nồi và 1 xửng hấp, giúp bạn dễ dàng hơn trong công việc bếp núc.Bộ nồi và xửng có cùng đường kính là 24 cm, thích hợp dùng ...",375000,395000,,20000,5,0,,available,,1000.0,1000.0,,20304,Fivestar
53583472,4451468802389,"Bộ Hộp Cơm Giữ Nhiệt Lock&Lock Easy Carry 2L LHC8039 Có Túi (1 Hộp 720ml, 2 Hộp 420ml Kèm 1 Bộ Muỗng Và Nĩa) được làm bằng chất liệu thép không gỉ cao cấp, không những bền chắc mà còn mang lại hi...",741000,1667000,,926000,56,2604,,available,,1000.0,1000.0,,48077,LocknLock
73125530,4485355058795,"Hộp cơm thủy tinh kèm muỗng đũa LocknLock LLG991CL 930ml thiết kế vách ngăn giúp thực phẩm không bị trộn lẫn khi bỏ vào chung một hộp.Borosilicate là thủy tinh chịu nhiệt (lên tới 120 độ C), an toàn...",164000,362000,,198000,55,1295,,available,,1000.0,1000.0,,48077,LocknLock
272619210,5556329050721,"  ĐẶC ĐIỂM NỔI BẬT   - Cấu tạo đáy 3 lớp truyền nhiệt nhanh, giữ nhiệt tốt, hạn chế cháy khét thực phẩm   - Chất liệu inox cao cấp không bị oxy hoá, bền đẹp, sáng bóng an toàn cho sức khỏe   - Sử ...",465500,479000,,13500,3,0,,available,,1000.0,1000.0,,41048,Sunhouse
271907736,9218665377152,"Bộ Dao Nhà Bếp Nhật 6 Món Cao Cấp - Chính hãng Bộ dao inox 6 món Nhật Bản được làm bằng inox bền đẹp, cứng chắc, dễ dàng chùi rửa khi bị bám bẩn. Chất liệu chống gỉ sét, chống ăn mòn, không chứa th...",190000,250000,,60000,24,3,,available,,1000.0,1000.0,,245945,miDoctor
1024190,4116222211578,"Bộ 3 Hộp Cơm Giữ Nhiệt Lock&Lock Mushroom LHC8025SLV - Bạc dùng để đựng thực phẩm, thích hợp để sử dụng hằng ngày.Bộ sản phẩm gồm: Hộp cơm 460ml, 2 hộp thức ăn 420ml và 280ml, 1 túi giữ nhiệt, 1...",447000,1007000,,560000,56,1284,,available,,1000.0,1000.0,,48077,LocknLock
79691104,7017499095344,"Bộ Hộp Cơm Giữ Nhiệt Văn Phòng Cao Cấp Cắm Điện inox 3 tầngChính HãngGIAO MÀU NGẪU NHIÊNHộp cơm 3 tầng giữ nhiệt có kết cấu hai lớp đặc biệt, bên trong là inox siêu dày, bên ngoài là lớp vỏ nhựa gọ...",192000,300000,,108000,36,605,,available,,1000.0,1000.0,,245945,miDoctor
271539474,6251816046979,"- Chất liệu: Thân: Thép không gỉ 304 / Nắp: Nhựa PP, TPE / Gioăng, đệm: silicone - Dễ dàng mở nắp chống trượt: Nắp được phủ nhựa TPE chống trượt giúp dễ dàng mở nắp cho dù kích thước rộng. - Miệng h...",662000,1490000,,828000,56,6,,available,,1000.0,1000.0,,48077,LocknLock
58966553,2395518926262,"Bộ nồi xửng hấp 1 đáy từ inox 430 H.T cook nắp kính 28cm , tặng 2 vá canhBộ Nồi Xửng Hấp có nắp bằng kính cường lực dày, bên ngoài viền inox tăng độ bền và chống vỡ khá tốt. Tay cầm thiết kế inox, cá...",429000,479000,,50000,10,17,,available,,1000.0,1000.0,,695669,H.T cook
180967996,8385189823848,"Hộp Cơm Cắm Điện Giữ Nhiệt 2 Tầng Cao Cấp, Hâm Nóng, Nấu Chính Thức Ăn BỘ SẢN PHẨM GỒM CÓ: - 1 hộp cơm - 4 cốc inox có nắp đậy- 1 dây cắm điện + 1 cốc đong.- Hộp cơm tiện lợi cho người mang đi làm h...",144000,156000,,12000,8,0,,available,,1000.0,1000.0,,111461,OEM
72797082,8932787652719,"Chảo Sâu Lòng Decor Lock&Lock LDE1225IH với thiết kế tinh tế, hiện đại có thể trở thành đồ dùng nội thất đem lại một cảm quan ấn tượng và nổi bật cho căn bếp của bạn Sự kết hợp lớp phủ tốt nhất...",307000,662000,,355000,54,106,,available,,1000.0,1000.0,,48077,LocknLock
637936,4149117772922,"  Bộ Nồi Chảo Chống Dính Baby Elmich EL-1167 2351167  được thiết kế với tông màu màu xám tinh tế, đẹp mắt, làm tăng nét thẩm mỹ cho không gian bếp.  Bộ sản phẩm gồm 1 nồi quấy bột, 1 chảo với thiết k...",342000,659000,,317000,48,235,,available,,1000.0,1000.0,,31627,Elmich
580040,1228374919714,"Chảo Đá Chống Dính Siêu Bền Sunhouse SBD24 24cm với chất liệu hợp kim nhôm dày 3mm phủ lớp chống chính an toàn và siêu bền, không dễ bong tróc lớp chống dính trên bề mặt như những loại chảo khác và đặ...",201000,320000,,119000,37,50,,available,,1000.0,1000.0,,41048,Sunhouse
34171666,1913444830869,"0,5kg Túi zip (zipper) chỉ đỏ loại tốt, dàyTúi Zip có nhiều size được ứng dụng trong nhiều lĩnh vực:- Trong lĩnh vực thực phẩm, người dùng thường sử dụng túi Zipper chứa thức ăn nhanh và bảo quản cá...",40000,40000,,0,0,238,,available,,1000.0,1000.0,,111461,OEM
28445641,9698715255641,"Hộp cơm điện Lock&Lock EJR216 lý tưởng để nấu cơm, hấp trứng, rau, thịt và giữ ấm thức ăn.Hộp cơm có ba tầng. Bạn có thể bảo quản cơm, thịt, súp riêng biệt để đáp ứng nhu cầu bữa ăn của bạn.Nếu...",664000,1493000,,829000,56,1708,,available,,1000.0,1000.0,,48077,LocknLock
134621577,2529885112893,Bộ Dao 7 Món Lock&Lock CKK301 - Đen có thể chế biến được nhiều món ăn khác nhau nhờ nhiều kích thước dao.Lưỡi làm bằng thép sắc bén giúp chế biến món ăn nhanh chóng.Lưỡi dao không bị gỉ sét có đ...,1231000,2657000,,1426000,54,272,,available,,1000.0,1000.0,,48077,LocknLock
152690939,6834538973529,"       Bộ Nồi 3 Món Inox Cao Cấp MISU LOUIS Chính Hãng, Đáy Liền Nguyên Khối 3 Đáy, Sử Dụng Mọi Loại Bếp- Hàng Nhập Khẩu   ️ BỘ NỒI 3 món MISU LOUIS - Đẳng cấp làm lên Thương hiệu sản phẩm   Bọ...",599000,599000,,0,0,0,,available,,1000.0,1000.0,,111461,OEM
192120961,6164388733925,"Túi Zip Lụa Nhựa CPE Trong Mờ Có Khóa Kéo Đa NăngTúi zip lụa được làm từ nhựa CPE dẻo dai, bền chắc có thể tái sử dụng nhiều lần trong lâu dài. Túi có khóa kéo nhựa kín giúp bảo quản được nhiều vật d...",39000,41000,,2000,5,40,,available,,1000.0,1000.0,,5706641,NAVIVU
70656791,6725962688458,Loại sản phẩm: Giấy ănChất liệu: Bột treThành phần: 100% bột sợi tre nguyên chất...,125000,125000,,0,0,2285,,available,,1000.0,1000.0,,863033,ycool
13561925,1853591813288,"Nồi Hấp 2 Tầng Bằng Inox Lock&Lock LLH1282 (28cm) được làm từ inox 304 hay còn gọi là thép không gỉ 18/10, là loại inox có đặc tính chống ăn mòn cao, không tác dụng với thức ăn, không thôi nh...",611000,1319000,,708000,54,286,,available,,1000.0,1000.0,,48077,LocknLock
155640558,6466895438042,"Nồi Luộc Gà Inox 3 Đáy Sunhouse SH28LG thân làm từ chất liệu inox cao cấp dễ dàng vệ sinh.Sử dụng trên mọi loại bếp.Đáy 3 lớp siêu bền, giúp giữ nhiệt lâu, nấu chín đều, chống cháy khét.Vung kính...",389000,660000,,271000,41,7,,available,,1000.0,1000.0,,41048,Sunhouse
52089269,5288337909424,"– Bộ dao inox 6 món Nhật Bản được làm bằng inox bền đẹp, cứng chắc, dễ dàng chùi rửa khi bị bám bẩn. Chất liệu chống gỉ sét, chống ăn mòn, không chứa thành phần độc hại và không tương tác hóa học v...",239000,478000,,239000,50,1,,available,,1000.0,1000.0,,111461,OEM
14449810,6078007753179,"Nồi luộc gà inox 430 cao cấp Fivestar 3 đáy dùng được bếp từ , gas , hồng ngoại , tặng 5 muỗng ănXIN QUÝ KHÁCH LƯU Ý : NỒI 26CM QUAI HÀN , NỒI 28CM , 30CM , 32CM , 36CM QUAI ĐINH TÁN #fivestar #c...",407000,429000,,22000,5,24,,available,,1000.0,1000.0,,20304,Fivestar
77775165,7514367100786,"Hộp Bảo Quản Thủy Tinh Locknlock Top Class có khả năng đóng kín tuyệt đối ngăn chặn không khí bên ngoài và bên trong nhờ ""khóa 4 cạnh"".Nắp được làm từ ""chất liệu tritan"" nên có thể sử dụng lâu dà...",72000,159000,,87000,55,906,,available,,1000.0,1000.0,,48077,LocknLock
272694740,3109614263578,"Thiết kế tinh tế sang trọng, phù hợp với không gian bếp hiện đạiSản phẩm được làm từ hợp kim nhôm Anod cứng bằng công nghệ tiên tiến giúp sản phẩm có độ cứng và bền vững cao, chống ăn mòn, chịu đư...",469000,469000,,0,0,3,,available,,1000.0,1000.0,,41048,Sunhouse
272893682,4829672074376," thiết kế hiện đại, thời trang, đến từ thương hiệu  – Việt Nam, sản xuất tại Việt NamBộ nồi có 3 sản phẩm với kích cỡ lần lượt là 16 cm, 20 cm, 24 cm, tùy theo nhu cầu sử dụng, món ăn mà bạn chọn nồi...",590000,590000,,0,0,5,,available,,1000.0,1000.0,,20304,Fivestar
193859499,6840426142835,"Hộp Nhựa Đựng Thực Phẩm, Hộp Bảo Quản Thực Phẩm Tủ Lạnh VinBuy Có Khay Giúp Ráo Nước, Bảo Quản Tiện Lợi, Nắp Chống Rò Rỉ NướcCó thể chịu nhiệt từ -20°C -> 60°CKhông chứa BPA (bisphenol A) sản ph...",70000,90000,,20000,22,27,,available,,1000.0,1000.0,,4224691,VinBuy
104991715,5921659206513,"Giới thiệu sản phẩmCombo Chảo chiên Tefal Natura B2260295 20cm & Chảo chiên sâu lòng Tefal Natura B2266495 24cm Độ bền vượt trội, có thể sử dụng ít dầu khi nấu ănBên ngoài được phủ sơn chống ...",499000,929000,,430000,46,1282,,available,,1000.0,1000.0,,19813,Tefal
68683636,8860814917992,"Hộp cơm trưa văn phòng 3 ngăn nhựa lúa mạch kèm đũa thìa inox-Ngày nay, giới trẻ Việt Nam ngày càng có xu hướng mua Hộp Cơm để mang đi làm hay đi học.-Hộp đựng cơm hiện nay rất đa dạng về mẫu mã.-C...",40900,40900,,0,0,5,,available,,1000.0,1000.0,,111461,OEM
14639395,7020256786735,"Bộ Nồi Xửng Hấp Từ Nắp Kính Fivestar Tặng 10 Muỗng - Bạc được làm từ chất liệu inox cao cấp nhập khẩu từ Hàn Quốc, bóng đẹp, có độ bền cao, độ dày 8cm theo tiêu chuẩn Quốc Tế.Nồi có 3 đáy, sử dụng tố...",449000,499000,,50000,10,2,,available,,1000.0,1000.0,,20304,Fivestar
170032241,2091936239773,"SHOP PHƯƠNG PHƯƠNG STORE BÁN SẢN PHẨM UY TÍN CHÍN HÁNG KHÁCH THA HỒ TỰ LỰA CHỌN CHO MÌNH SẢN PHẨM ƯNG Ý NHẤT 2 TẦNG / 3 TẦNG / 4 TẦNGThiết kế thông minh nhỏ gọn nhiều tầng, không chiếm nhiều không g...",188000,188000,,0,0,0,,available,,1000.0,1000.0,,111461,OEM
193207962,8667446727227,"Thiết kế đẹp mắt, decor phù hợp với mọi không gianChảo vân đá đáy từ Nagakawa NAG06 với màu sắc trắng trang nhã và tay cầm màu vân gỗ, có tính decor cao tô điểm sẽ làm sáng không gian bếp gia đình bạ...",279000,400000,,121000,30,18,,available,,1000.0,1000.0,,110935,Nagakawa
73638934,2949572708793,"Lòng chảo chống dính bền bỉ, an toànBề mặt lòng chảo phủ 2 lớp chống dính Xylan màu đen ánh kim siêu bền của Whitford (Hoa Kỳ). Đây là loại chống dính an toàn tuyệt đối cho sức khỏe, không chứa các ...",154000,450000,,296000,66,410,,available,,1000.0,1000.0,,31627,Elmich
7699062,9163970026348,"Chảo Nhôm Chống Dính Lock&Lock Baum Marble 1 Tay Cầm LBU1283 (28cm) mang đến sự tinh tế và sang trọng, là đồ dùng nhà bếp được trau chuốt bởi thiết kế hiện đại và mới mẻ.Sản phẩm sử dụng lớp chố...",263000,567000,,304000,54,435,,available,,1000.0,1000.0,,48077,LocknLock
66115031,2176576902067,THÔNG SỐ KỸ THUẬT:Tên sản phẩm: Nồi áp suất đun ga FujikaLoại sản phẩm: Nồi áp suất không dùng điện/nồi áp suất ga/nồi áp suất bếp từ/nồi áp suất bếp hồng ngoại/nồi áp suất đun ga/nồi áp suất đáy từ...,420000,420000,,0,0,9,,available,,1000.0,1000.0,,295203,FUJIKA
58804363,7785294673323,"Lực băm nghiền mạnh nhờ hoạt động bằng phương pháp xoay và ba lưỡi dao bằng thép không gỉ.Nếu bạn kéo thanh kéo nhiều lần, ba lưỡi dao sẽ quay nhanh và băm đều rau củ.Lưỡi dao bằng thép không gỉ k...",69000,171000,,102000,60,2811,,available,,1000.0,1000.0,,48077,LocknLock
141246639,1469211770326,"Hộp cơm giữ nhiệt Lock&Lock LHC8042 700ml - Hàng chính hãng, 2 ngăn kèm muỗng inox, có thể ủ cháo cho bé - JoyMallChất liệu:- Thân + muỗng + hộp nhỏ: thép không gỉ 304- Nắp ngoài: Nhựa PP- Gi...",439000,800000,,361000,45,2,,available,,1000.0,1000.0,,48077,LocknLock
183335921,9104689868716,"- Ống hút inox đảm bảo sức khỏe cho người tiêu dùng- Ống hút inox là ống hút để uống cafe, trà sữa… được làm từ chất liệu inox 304.- Sở dĩ inox 304 được tin dùng như vậy; bởi trong inox 304 chứa có ch...",20000,20000,,0,0,12,,available,,1000.0,1000.0,,111461,OEM
17593518,7271078876801,"Bộ Hộp Cơm Giữ Nhiệt Thép Không Gỉ Lock & Lock LHC8031SLV-OCH - Bạc Gồm 3 hộp: 1 Hộp cơm 460ml, 1 hộp thức ăn 420ml và 1 hộp 280ml, 1 túi đựng, 1 đôi đũaThiết kế sang trọng, đường né...",572000,1285000,,713000,55,921,,available,,1000.0,1000.0,,48077,LocknLock
119366013,3717647775342,"Giới thiệu sản phẩmBộ 2 Chảo chiên Tefal Natura 20-28 LỚP PHỦ TITANIUM Bền chắc với hơn 16,000 lần chà nhám.Lớp phủ Titanium nonstick mang lại khả năng chống dính tuyệt vời và độ bền vượt trội, ...",489000,869000,,380000,44,32,,available,,1000.0,1000.0,,19813,Tefal
118433132,8777495355123,"       THÔNG TIN SẢN PHẨM:   ️ Cân nặng: 1,2 kg   ️ Độ sâu: 11cm   - Các món ăn như đậu chiên, cá phi lê khi vỏ ngoài giòn, ruột mềm   ️ Chảo được tráng lớp mặt đá ceramic nên đun, xào không l...",107900,107900,,0,0,3,,available,,1000.0,1000.0,,111461,OEM
217767423,9884069577852,"– Bộ dao inox 6 món Nhật Bản được làm bằng inox bền đẹp, cứng chắc, dễ dàng chùi rửa khi bị bám bẩn. Chất liệu chống gỉ sét, chống ăn mòn, không chứa thành phần độc hại và không tương tác hóa học v...",191000,210000,,19000,9,26,,available,,1000.0,1000.0,,111461,OEM
184465935,8403380018872,"ĐẶC ĐIỂM NỔI BẬTChất liệu hợp kim xử lý bởi công nghệ anod cho bề mặt cứng chắc, không bị oxi hóaVan an toàn, khóa đóng mở nắp tiện dụngGioăng cao su chịu nhiệt tốt, độ bền caoSử dụng trên mọi loại b...",430000,430000,,0,0,2,,available,,1000.0,1000.0,,5074117,GDV
1084776,4150581388939,"Chảo Chống Dính Vân Đá Đáy Từ HappyCook MFP-26IH GRAY (26cm) sử dụng được trên bếp gas, bếp hồng ngoại và bếp từ, để mỗi phút giây v&agr...",239000,373000,,134000,36,381,,available,,1000.0,1000.0,,21125,Happy Cook
976105,7309844956720,"Bộ 3 Hộp Thủy Tinh Tròn Kèm Túi Giữ Nhiệt Happy Cook HCG-03CE có thiết kế tinh tế sang trọng. Với dung tích hộp vừa phải và túi giữ nhiệt tiện dụng, giữ ấm được thức ăn lâu hơn.Sản phẩm được làm bằn...",183000,285000,,102000,36,943,,available,,1000.0,1000.0,,21125,Happy Cook
185895171,2621851958813,"Thiết kế tinh tế sang trọng, phù hợp với không gian bếp hiện đạiSản phẩm được làm từ hợp kim nhôm Anod cứng bằng công nghệ tiên tiến giúp sản phẩm có độ cứng và bền vững cao, chống ăn mòn, chịu đư...",443000,443000,,0,0,0,,available,,1000.0,1000.0,,41048,Sunhouse
178068438,9447493870208,"Khăn giấy cuộn đa năng, lau bếp, lau kính, lau chén bát, lau tay - Parroti Bingo NG01Khăn giấy cuộn đa năng, lau bếp, lau kính, lau chén bát, lau tay - Parroti Bingo NG01 với khả năng ba...",38500,78000,,39500,51,78,,available,,1000.0,1000.0,,746615,Parroti
144203362,8639032967697,"Hộp cơm được làm từ thủy tinh Borosilicate có khả năng chịu nhiệt và thích ứng tốt với sự thay đổi nhiệt độ đột ngột.Khả năng chống nước: 100%, không màu và không mùi.Có thể sử dụng trong lò vi sóng...",303000,682000,,379000,56,123,,available,,1000.0,1000.0,,48077,LocknLock
195111061,7956346945610,"Chảo chống dính Inox đáy từ nguyên khối đáy liên Elmich Trimax Classic EL-2702OL có cấu tạo 2 lớp thân đáy liền bắt nhiệt nhanh, tỏa nhiệt đềuThân chảo Trimax classic có cấu tạo 2 lớp dày dặn:Chống...",331000,820000,,489000,60,21,,available,,1000.0,1000.0,,31627,Elmich
35905857,4006519514935,"Chảo Nhôm Sâu Lòng Chống Dính Baum Marble 1 Tay Cầm, Nắp Thủy Tinh Lock&Lock 18cm  Sản phẩm mang đến sự tinh tế và sang trọng, là đồ dùng nhà bếp được trau chuốt bởi thiết kế hiện đại và mới mẻ.  ...",265000,572000,,307000,54,491,,available,,1000.0,1000.0,,48077,LocknLock
271322895,8885168038471,"ĐẶC ĐIỂM NỔI BẬTChất liệu nhôm nguyên chất đánh bóng siêu bềnThiết kế 3 van cân bằng áp suất đảm bảo an toàn khi nấuHầm nhừ nhanh chóng, giữ chọn chất dinh dưỡngGioăng cao su chịu nhiệt caoNúm v...",448000,448000,,0,0,0,,available,,1000.0,1000.0,,41048,Sunhouse
210458939,7815875367097,"Đĩa Giấy Bạc Lót Nồi Chiên Không Dầu, Khay Bạc Nướng Thực Phẩm Đóng gói:  1 set đĩa giấy bạc️ Tính năng Giúp đồ ăn không tiếp xúc với đáy nồi chiên, đồ ăn khó bị cháy hơn và giữ được nước và hương v...",24000,25000,,1000,4,43,,available,,1000.0,1000.0,,5706641,NAVIVU
54622680,3736942438898,"Giới thiệu sản phẩm Chảo chiên chống dính đáy từ Tefal So Chef G1350495 24cm (Đỏ) Nồi, chảo Tefal So Chef thiết kế từ Pháp được làm bằng hợp kim nhôm cao cấp với màu đỏ sang trọng bên trong là phủ l...",359000,378000,,19000,5,4,,available,,1000.0,1000.0,,19813,Tefal
80617683,4960125573004, Chảo chiên Tefal Light & Clean 26cmDÙNG CHO BẾP GAS/ BẾP HỒNG NGOẠIKHÔNG TƯƠNG THÍCH VỚI BẾP ĐIỆN TỪ Click gia nhập TEFAL CLUB ngay để được cập nhật nhiều thông tin hấp dẫn như cách đăng k...,259000,479000,,220000,46,1058,,available,,1000.0,1000.0,,19813,Tefal
204249433,5798874902555,GIỚI THIỆU SẢN PHẨM “BỘ DAO GỌT CERAMIC VÀ DỤNG CỤ BÀO VỎ  BENCHUSCH”:ĐIỂM NỔI BẬT:DAO GỌT GỐM CERAMIC - AN TOÀN CHO SỨC KHỎE CẢ GIA ĐÌNH- Được làm từ ceramic (gốm) – loại vật liệu siêu cứng chỉ sau...,222000,354000,,132000,37,0,,available,,1000.0,1000.0,,148961,Benchusch
195797725,5330530874856,"Kháng khuẩn, chống bám mùi, hạn chế thấm hútBề mặt thớt tre tự nhiên SUNHOUSE KS-CH3020B được phủ lớp sơn gốc nước- loại sơn an toàn khi tiếp xúc thực phẩm. Lớp sơn gốc nước không màu, không mùi giúp...",79000,125000,,46000,37,39,,available,,1000.0,1000.0,,41048,Sunhouse
7221855,4641488019403,"Bộ nồi inox 3 đáy SUNHOUSE SH334 được làm bằng chất liệu inox cao cấp, kiểu dáng sang trọng, vung kính cường lực, quai inox chắc chắn, bền đẹp. Bộ sản phẩm gồm 03 nồi với đường kính 16 - 20 - 24cm giú...",489000,489000,,0,0,1,,available,,1000.0,1000.0,,41048,Sunhouse
242657500,7696103434601,"       ĐẶC ĐIỂM NỔI BẬT:   - Chất liệu hợp kim xử lý bởi công nghệ anod cho bề mặt cứng chắc, không bị oxi hóa   - Van an toàn, khóa đóng mở nắp tiện dụng   - Gioăng cao su chịu nhiệt tốt, độ b...",607000,639000,,32000,5,0,,available,,1000.0,1000.0,,41048,Sunhouse
197849955,5018554181838,...,435000,599000,,164000,27,52,,available,,1000.0,1000.0,,3985581,CTFAST
17011712,4381930883618,Công nghệ ANODIZED (điện phân các anod)  là quá trình làm oxy hóa bề mặt của những tấm nhôm tạo thành một lớp vỏ bọc cứng thay cho lớp nhôm thông thường - kết quả cho ra một liên kết nhôm cực mạnh gọ...,576000,840000,,264000,31,155,,available,,1000.0,1000.0,,41048,Sunhouse
198295325,7417358097581,"- Chất liệu an toàn, thân thiện với môi trường- Có thể vệ sinh nồi bằng máy rửa chén, máy khử trùng…- Dễ dàng sử dụng với lò vi sóng- Có thể được sử dụng để đặt trong tủ lạnh tủ đông...",107000,231000,,124000,54,41,,available,,1000.0,1000.0,,48077,LocknLock
272638497,6375376480901,Hộp bảo quản thủy tinh LocknLock BLANC - Hộp chữ nhậtThông tin chung:- Thân hộp: thủy tinh brosilicate - Nắp: nhựa PP - Gioăng: Silicone - Đa dạng kích thước - Thủy tinh Borosillicate chịu nhiệt và...,46000,112000,,66000,59,3,,available,,1000.0,1000.0,,48077,LocknLock
16363204,3506345860110,Cân Điện Tử Cầm Tay Thép Ngang PT153 – Cân Điện Tử Mini Dạng Treo Nhỏ Gọn Tiện Lợi. Tự động khóa chỉ số cân sau 3 giây (lưu lại chỉ số cân ngay cả khi bạn tháo vật được cân ra khỏi cân). Kiểu dáng nhỏ...,130000,130000,,0,0,37,,available,,1000.0,1000.0,,111461,OEM
263293348,9845860775173,"       Đặc điểm nồi bật:   Kiểu dáng trang nhã, sử dụng để luộc gà, nấu canh   Chất liệu inox cao cấp không bị ox* hoá, bền đẹp, sáng bóng, an toàn cho sức khỏe   Sử dụng trên mọi loại bếp: bếp...",444600,468000,,23400,5,0,,available,,1000.0,1000.0,,41048,Sunhouse
132150950,5175977338225,  ...,382000,395000,,13000,3,1,,available,,1000.0,1000.0,,20304,Fivestar
204083681,3263527733832," Đóng gói:  1 set giấy nến.️ Tính năng Giấy nến có tính năng thấm hút dầu mỡ, giúp đồ ăn ngon hơn và tốt cho sức khỏe. Giúp đồ ăn không tiếp xúc với đáy nồi chiên, đồ ăn khó bị cháy hơn và giữ được n...",18100,19000,,900,5,36,,available,,1000.0,1000.0,,5706641,NAVIVU
71999229,5602056006026,"Chất liệu inox 304 cao cấpNồi Inox 3 Lớp Đáy Liền Elmich Trimax Classic sử dụng chất liệu lớp trong cùng là inox 304 cao cấp an toàn cho thực phẩm. Inox 304 được khẳng định là hợp kim inox tuyệt vời,...",478000,750000,,272000,36,168,,available,,1000.0,1000.0,,31627,Elmich
21441057,9944927310617,"Chảo Chống Dính Đá Sunhouse SBD18 được tin dùng bởi công năng tuyệt vời, độ chống dính cao cùng với kết cấu bền chắc. Bề mặt phủ lớp đá Marble khiến cho tổng quan sản phẩm đẹp mắt, ấn tượng và nổi bật...",181000,260000,,79000,30,772,,available,,1000.0,1000.0,,41048,Sunhouse
54616409,4561615429267," Giới thiệu sản phẩmChảo chiên chống dính đáy từ Tefal So Chef G1358495 24cm sâu lòng (Đỏ) ĐƯỜNG KÍNH 24cmCHẢO CHIÊN sâu lòng có thể chiên ngập dầu, xào lượng thực phẩm lớnLỚP PHỦ TITANIUM REIN...",389000,599000,,210000,35,369,,available,,1000.0,1000.0,,19813,Tefal
73636715,4250203004886,"Đặc tính sản phẩmCông năng chiên xào tối ưu Lòng chảo chống dính bền bỉ, an toàn Bề mặt lòng chảo phủ 2 lớp chống dính Xylan vân đá trắng siêu bền của Whitford (Hoa Kỳ). Đây là loại chống dính an...",243000,860000,,617000,72,24,,available,,1000.0,1000.0,,31627,Elmich
74396976,3481356156769,"Máy xay tỏi ớt LocknLock mini nhiều size - Hàng chính hãng, lưỡi xay bén, kéo tay đơn giản, dễ vệ sinh - JoyMall- Chất liệu: Nhựa PP, ABS, Inox- Dung tích: + Size S: Màu Hồng - 400ml - CKS308PIK+ ...",99000,171000,,72000,42,1224,,available,,1000.0,1000.0,,48077,LocknLock
108243510,1685435161275,"Kiểu dáng bắt mắtChảo Inox 5 Đáy Sunhouse IN20M2 được thiết kế đẹp mắt với mặt ngoài inox cao cấp, bắt mắt, có khả năng hạn chế trầy xước và bám bẩn. Lòng chảo tráng chống dính màu đen đem lại tổng ...",284000,450000,,166000,37,132,,available,,1000.0,1000.0,,41048,Sunhouse
270658798,4645379047108,"Thân: Nhôm Lớp phủ chống dính: PTFE Lớp sơn cách nhiệt mặt ngoài chảo: organosilicon Tay cầm: bakelite, PP - Lớp phủ chống dính titanium ngăn cho thức ăn không bị dính lên bề mặt chảo, dễ dàng sử ...",185000,416000,,231000,56,1,,available,,1000.0,1000.0,,48077,LocknLock
54625005,3763089863665,"Giới thiệu sản phẩm Chảo chiên chống dính đáy từ Tefal Sensations H9100514 26cm (Đồng) Thiết kế sang trọngNồi, chảo Tefal Sensations thiết kế từ Pháp được làm bằng hợp kim nhôm cao cấp với màu đồn...",294000,339000,,45000,13,32,,available,,1000.0,1000.0,,19813,Tefal
105100168,6027105982257,"Nồi inox đun từ size 30 ,12 litInox 430 chuyên dụng cho nhà bếp Inox sáng ,bóng ,hàng dày dặn Thiết kế đẹp mắt ,chắc chắn Có nắp đậy bảo quản tốt hơnDễ vệ sinh lau chùi ...",253993,253993,,0,0,0,,available,,1000.0,1000.0,,111461,OEM
578912,1220647899143,"Chảo Sâu Chống Dính Sunhouse SHS24 24cm với chất liệu hợp kim nhôm dày 2.4mm phủ lớp chống chính an toàn và siêu bền, không dễ bong tróc lớp chống dính trên bề mặt như những loại chảo khác và đặc biệt...",156000,260000,,104000,40,179,,available,,1000.0,1000.0,,41048,Sunhouse
579790,1229802908409,"Chảo Đá Chống Dính Siêu Bền Sunhouse SBD30 30cm với chất liệu hợp kim nhôm dày 3mm phủ lớp chống chính an toàn và siêu bền, không dễ bong tróc lớp chống dính trên bề mặt như những loại chảo khác và đặ...",274000,480000,,206000,43,27,,available,,1000.0,1000.0,,41048,Sunhouse
247305229,3977813420529,"Cọ Rửa Cán Gỗ Cỡ Lớn Rửa Bình Sữa, Bình Nước, Ly Tách Đóng gói:  1 cây cọ rửa cán gỗ️ Tính năng Cọ rửa cán gỗ với đầu cọ lớn và cán dài, thích hợp để rửa những đồ dùng sâu lòng như bình sữa, ly tách...",24000,25000,,1000,4,4,,available,,1000.0,1000.0,,5706641,NAVIVU
160889663,5961751768240,"Bộ 2 sản phẩm nồi và xửng đường kính 28 cm, phù hợp gia đình 3 - 5 người.Chất liệu inox 430 chống rỉ sét, nấu ăn an toàn cho sức khỏe.Nắp kính cường lực, chịu nhiệt tốt, dễ quan sát bên trong.Tay c...",449000,499000,,50000,10,4,,available,,1000.0,1000.0,,20304,Fivestar
132247327,8395787340640,"       Nồi hấp 3 tầng 28cm.     trọn bộ    Dùng được tất cả các loại bếp    Đồ xôi, hâm nóng thước ăn, luộc gà cùng lúc siêu tiết kiệm.   ️️Bỏ 2 tầng trên ra thành nồi nấu canh, luộc gà đk 28c...",99900,99900,,0,0,0,,available,,1000.0,1000.0,,111461,OEM
55202550,4296223903471,"Bộ 3 Hộp Thủy Tinh Chịu Nhiệt KOVA (370ml + 640mlx2) Kèm Túi Giữ Nhiệt có thiết kế sang trọng, gọn nhẹ thích hợp dùng để đựng thức ăn đi học, đi làm hay dã ngoạiTúi giữ nhiệt có màu sắc bắt mắt, có...",183000,390000,,207000,53,112,,available,,1000.0,1000.0,,20324,KOVA
108243500,7053013765195,"Kiểu dáng bắt mắtChảo Inox 5 Đáy Sunhouse IN24M2 được thiết kế đẹp mắt với mặt ngoài inox cao cấp, bắt mắt, có khả năng hạn chế trầy xước và bám bẩn. Lòng chảo tráng chống dính màu đen đem lại tổng ...",360000,360000,,0,0,0,,available,,1000.0,1000.0,,41048,Sunhouse
14640240,4167998775870,"Cân Điện Tử Nhà Bếp 5kg Hình 1:  Ảnh tổng quan sản phẩm Cân điện tử nhà bếp 5kg Cân điện tử 5kg có kích thước 16cm x 12.5cm làm từ chất liệu nhựa ABS cao cấp, màu trắng sang trọng, sạch sẽ. Cân có...",76000,80000,,4000,5,8,,available,,1000.0,1000.0,,111461,OEM
144203367,2861638697451,"Hộp cơm được làm từ thủy tinh Borosilicate có khả năng chịu nhiệt và thích ứng tốt với sự thay đổi nhiệt độ đột ngột.Khả năng chống nước: 100%, không màu và không mùi.Có thể sử dụng trong lò vi sóng...",322000,726000,,404000,56,76,,available,,1000.0,1000.0,,48077,LocknLock
75559360,7247585961286,"Thông tin sản phẩm :‍Kích thước bao bì : 36,5x21,5x3,5Bộ sản phẩm gồm :- 1 dao thái bản to ( lưỡi dao kích thước 17,5x6,9)- 1 dao thái bản nhỏ ( lưỡi dao kích thước 19x4,2)- 1 dao gọt hoa quả ( ...",150000,150000,,0,0,0,,available,,1000.0,1000.0,,886169,Lebenlang
73529777,8959324328227,"KỆ ÚP CHÉN BÁT ĐĨA TRÊN BỒN RỬA VANDOKệ chén thông minh cho mọi căn bếp sạch sẽ, gọn gàng, giúp bạn hoàn chỉnh thiết kế nội thất gia đìnhĐẶC ĐIỂM NỔI BẬT:Kệ chén ráo nước trực tiếp trên bồn rửa giú...",314100,349000,,34900,10,1118,,available,,1000.0,1000.0,,204895,VANDO
150930165,9797288640025,"Nồi luộc gà 1 đáy cao cấp Fivestar nắp inox ( 26cm / 28cm / 30cm /32cm ) dùng được bếp từ , gas , hồng ngoạiChất liệu sử dụng: Inox 430Cấu tạo đáy: 1 lớp nhiễm từLoại bếp sử dụng: Tất cả các loại ...",341000,359000,,18000,5,6,,available,,1000.0,1000.0,,20304,Fivestar
77304729,2547001443012,"Túi bọc thực phẩm nilong co giãn phiên bản mới giúp bảo quản thực phẩm luôn tươi ngon tránh sự xâm nhập của vi khuẩn, bụi bẩn.Thông tin sản phẩm:Chất liệu: Nilong PE cao cấpQuy cách : 100 màng bọ...",13000,45000,,32000,71,62,,available,,1000.0,1000.0,,111461,OEM
10404422,5694023007075,"Bộ Dao Inox ELmich EL3800 7 Món có độ cứng đạt tới 52HRC khiến cho dao sắc và bền bỉ hơn.Chuôi dao liền chắc chắn, bền bỉ với thời gianKéo cắt thức ăn cộng lực có hàm và lưỡi chống trơ trượt, đuôi ...",1899000,1899000,,0,0,2,,available,,1000.0,1000.0,,31627,Elmich
197333394,3838802727411,Kệ đa năng Tokyo 4 tầng hàng cao cấp=== CÂU CHUYỆN CỦA SẢN PHẨM === Sống tại Tokyo là trải nghiệm nghệ thuật tiết kiệm không gian. Trong những căn hộ bé xinh tại thủ đô đông ...,171000,180000,,9000,5,20,,available,,1000.0,1000.0,,197767,Inochi
165758266,9701043409773,"Thiết kế sang trọng, tinh tếBộ dao 3 chiếc Eco Family Sunhouse KS-KN3E1 được thiết kế đơn giản với màu bạc sáng bóng, không chỉ hỗ trợ tối đa cho công việc bếp núc mà còn góp phần mang đến vẻ trang n...",266000,438000,,172000,39,42,,available,,1000.0,1000.0,,41048,Sunhouse
106457363,5381144755688,Túi Giữ Nhiệt Đựng Hộp Cơm 2 NgănChọn Màu Túi Giữ Nhiệt Đựng Cặp Lồng Cơm Nhiều Màu – Chống Thấm Nước Chính HãngMô tả chi tiết - Túi giữ nhiệt đựng hộp cơm văn phòng Chính hãng miDoctor:Túi giữ...,35000,65000,,30000,46,203,,available,,1000.0,1000.0,,245945,miDoctor
134560632,9172219672008,"       Công dụng của Chân Kệ Máy Giặt giúp chân máy giặt không rung lắc Chống Rung, Chống Ồn ( 4 Chân )   Chống trượt, chống di chuyển, sẽ giữ cho máy giặt ở yên tại chỗ và tận hưởng cuộc sống yê...",39000,78000,,39000,50,2,,available,,1000.0,1000.0,,111461,OEM
56383693,6109669537040,Combo 300 túi lọc rác bồn rửa bátTúi lưới lọc rác bồn rửa bát với chất liệu vải lưới nhuyễn giúp thoát nước và giữ lại tất cả rác thừa lại ngăn chặn gây tắt đường nước.Túi lưới lọc rác có độ co giãn t...,54000,59000,,5000,8,153,,available,,1000.0,1000.0,,111461,OEM
249001068,9998443516959,1. ĐẶC ĐIỂM CHI TIẾT:- Kích thước: 20*13*5 cm- Kích thước đường kính bánh: khoảng 6 cm- Chất liệu: Nhựa PP cao cấp ATTP- Chiều dày : 2cm- Trọng Lượng: 26g- Màu sắc: Ngẫu nhiên- Dễ dàng sử dụn...,33000,70000,,37000,53,1,,available,,1000.0,1000.0,,4234729,Damas
80583694,7623392946136,Giới thiệu sản phẩm Chảo chiên Tefal Unlimited G2550602 28cm...,1144000,1506000,,362000,24,0,,available,,1000.0,1000.0,,19813,Tefal
72652196,3682958491061,"Bộ túi hộp cơm thủy tinh L&L 3EA LLG428S2 thiết kế đơn giản và trang nhã với họa tiết kẻ sọc.Tiện lợi và dễ dàng mang theo với dây đeo dài.Lớp bạc cách nhiệt bên trong, luôn giữ cho thực phẩm l...",222000,649000,,427000,66,677,,available,,1000.0,1000.0,,48077,LocknLock
195111053,2430347068509,Nồi luộc gà inox 3 lớp đáy liền Elmich Trimax Classic 2410OLTrong cùng là lớp inox 304 cao cấp. Chính vì là phần tiếp xúc trực tiếp với thức ăn nên chất liệu mà Elmich sử dụng phải luôn đảm bảo an to...,799000,1740000,,941000,54,9,,available,,1000.0,1000.0,,31627,Elmich
13158001,6404183655097,"- Đinh 3 chân- Đinh 3 chân không cần khoan tường- Dùng để treo khung tranh , khung ảnh - Ưu điểm cực lớn khi dùng đinh ba chân treo khung ảnh không cần khoan tường mà đinh rất chắc, để lại lỗ nhỏ t...",34000,34900,,900,3,74,,available,,1000.0,1000.0,,111461,OEM
165674633,3770421534583,"       Bé bé, xinh xinh 500ml. Có thể mang theo người như chai nước khoáng. Có hoa quả cái là “action”   ️Dao 4 lưỡi, 3 chiều, không rỉ, dễ dàng xay các loại hoa quả và đá lạnh, và 1 số loại thực...",215899,215899,,0,0,0,,available,,1000.0,1000.0,,111461,OEM
198916597,2898024076058, THÔNG TIN SẢN PHẨM:- Dụng Cụ Thái Cắt Bào Sợi Rau Củ Quả Đa Năng 4 in 1 VEGETABLE CUTTER Cỡ Lớn- Chất liệu: ABS+PP+Inox 304 + 420J2 + 430- Trọng lượng: 930g- Kích thước máy cắt: 13.5x9.2x21.3cm- Kích...,117600,120000,,2400,2,0,,available,,1000.0,1000.0,,111461,OEM
216463626,9309713507668,"Ca được thiết kế tinh xảo, thép bóng đẹp và độ hoàn thiện rất cao. Nhìn sáng bóng, đẹp mắt và rất sang trọng.Đa chức năng, có thể lọc cặn lỏng, đặc biệt là cặn dầu sau khi chiên, và cũng có thể lưu t...",139000,150000,,11000,7,18,,available,,1000.0,1000.0,,837721,Essesa
249868377,2849589537743,"       Thông tin chi tiết   Máy trang bị 7 tốc độ đánh với công suất 180W   - Mức 1 & 2: Dùng cho thực phẩm dạng lỏng như cafe, sữa tươi   - Mức 3 & 4: Dùng để trộn hỗn hợp lõng như sal...",195000,195000,,0,0,0,,available,,1000.0,1000.0,,111461,OEM
149382578,1753592628220,"       Thiết kế sang trọng   Kiểu dáng của Nồi Inox Đông Á được thiết kế theo phong cách châu Âu cực kỳ sang trọng, hiện đại, phù hợp với mọi không gian nhà bếp, giúp gian bếp của bạn thêm phần c...",435000,435000,,0,0,0,,available,,1000.0,1000.0,,111461,OEM
170436708,7105436446090,       Bộ 3 nồi INOX dùng cho MỌI LOẠI BẾP - Bộ nồi inox bếp từ hàng khuyến mãi PR-HECS1 Nồi Sharp   – Tên sản phẩm : Bộ 3 nồi Inox Sharp dùng bếp từ   – Xuất xứ : Việt Nam   – Nguyên liệu : Th...,230000,289000,,59000,20,0,,available,,1000.0,1000.0,,111461,OEM
192523772,5782797198712,"Tính năng: lót dưới tủ lạnh, tủ bếp, tủ quần áo hoặc giá sách, hộc bàn để bảo vệ vật dụng. Dễ dàng vệ sinh khi không còn sử dụng.Chất liệu: nhựa EVA chống mài mòn, bền và dẻo dai, không mùi không độc ...",47000,49000,,2000,4,50,,available,,1000.0,1000.0,,5706641,NAVIVU
201280507,2716957758876,Rổ Đựng Đồ Nhà Bếp Nhà Tắm Có Bánh Xe Tiện Lợi NAVIVUƯu Điểm Sản PhẩmRổ có bánh xe giúp việc lấy đồ nhẹ nhàng hơn.Rổ có 3 loại kích thước phù hợp với nhiều nhu cầu khác nhau.Thiết kế kích thước rổ p...,126000,126000,,0,0,1,,available,,1000.0,1000.0,,5706641,NAVIVU
19822607,6349005832587,"Độ chia nhỏ nhất: 1g Trọng lượng tối đa: 5kg Cân đạt độ chính xác cấp II theo tiêu chuẩn OIML. Độ phân giải nội cao, tốc độ xử lý nhanh Thiết kế chống bụi, cũng như sự ảnh hưởng của môi trường...",147000,147000,,0,0,50,,available,,1000.0,1000.0,,111461,OEM
253133906,2802492246235," Đặc điểm nổi bật của hũ thủy tinh đựng sữa chua :– Thành hũ dày, chất liệu thủy tinh nguyên chất đảm bảo an toàn, không thôi nhiễm chất độc hại khi đựng thực phẩm,– Hũ có khả năng chịu nhiệt, chịu...",65000,95000,,30000,32,4,,available,,1000.0,1000.0,,4820811,PEAFLO
17510214,4587723658023,"Giấy sợi tre là sản phẩm an toàn cho trẻ nhỏ, giấy rất là dai ngay cả khi nhúng vào nước, giấy cũng ko bị mủn và rách nát như những loại giấy vệ sinh khác.                                            ...",78550,78550,,0,0,228,,available,,1000.0,1000.0,,111461,OEM
252768587,8175945622849,"       THÔNG TIN SẢN PHẨM   Tên sản phẩm: KÉO LÀM BẾP ĐA NĂNG K-024 BẰNG THÉP KHÔNG GỈ SẮC BÉN CHUYÊN DÙNG CẮT GÀ, LÀM CÁ, CẮT THỊT, TÔN MỎNG, CẮT GIẤY, KHUI NẮP CHAI   - Kéo cắt xương đa năng X...",32000,45000,,13000,29,1,,available,,1000.0,1000.0,,111461,OEM
117764764,8418990382103,"[CHÍNH HÃNG] Nồi lẩu bếp từ Ecoramic 28cm,phủ vân đá chống dính, siêu bềnCAM KẾT TỪ HDM STORE:“CHỈ BÁN HÀNG CHÍNH HÃNG – NÓI KHÔNG VỚI HÀNG FAKE VÀ HÀNG KÉM CHẤT LƯỢNG”Trong những cuộc họp mặt, nh...",350000,459000,,109000,24,9,,available,,1000.0,1000.0,,151077,Ecoramic
372944,1224328127907,"Chảo nướng Kova HGS có lớp đá hoa cương phủ bề mặt có tác dụng chống dính, chống khuẩn và chống tạo ra chất Benzopyrene từ thực phẩm cháy gây ung thư, giúp bạn chế biến các món nướng ưa thích mà vẫn đ...",326000,450000,,124000,28,275,,available,,1000.0,1000.0,,20324,KOVA
271064631,6392233278987,"Dụng cụ gọt vỏ rau củ trái cây và bào sợi Lafonte - 003636- Kích thước: 18x3x2.5cm- Chất liệu: được làm từ nhựa ABS cao cấp và Inox 420J2. Không bị hoen rỉ, có thể sử dụng lâu dài. Thân thiện với mô...",58000,91000,,33000,36,0,,available,,1000.0,1000.0,,47363,La Fonte
172806337,8061188236947,"        THÔNG TIN SẢN PHẨM   Máy xay cầm tay siêu mịn đa năng tiện dụng Hattiecs bản 6 lưỡi 2021   ĐẶC ĐIỂM NỔI BẬT CỦA MÁY XAY ĐA NĂNG CẦM TAY HATTIECS    Nhỏ gọn, vệ sinh rất thuận tiện. Cối ...",289000,289000,,0,0,1,,available,,1000.0,1000.0,,111461,OEM
162473896,4282511780039,"Đầu Khò Gas Cầm Tay Mini Model AT600 Có Chỉnh Nhiệt Độ Đạt Mức Nhiệt Độ Cao Nhất 1300 Độ CGiới thiệu: Đầu khò có kích thước nhỏ gọn, thiết kế hiện đại và cứng cáp, dễ sử dụng. Đầu khò có thể điều chỉ...",249000,249000,,0,0,0,,available,,1000.0,1000.0,,111461,OEM
135337862,2280191163655,"Bộ Nồi Xửng Hấp Fivestar 3 Đáy 26/28/30/32cm Chất Liệu Inox 430 Sáng Bóng, Bền Tốt, Ít Bị Oxy Hóa Bảo Hành 5 Năm- Hàng Chính Hãng  mẫu mã sang trọng và có nhiều công dụng, phục vụ tốt cho nhu cầu gi...",523800,582000,,58200,10,12,,available,,1000.0,1000.0,,20304,Fivestar
39839689,5886497236024,"Bộ 3 Nồi Inox Rainy 16/18/24 Nắp Inox được làm từ inox cứng chắc, không bị gỉ sét hay oxy hóa, có khả năng truyền nhiệt tốt nên có thể nấu nhanh chóng, giúp bạn tiết kiệm thời gian và công sư...",308740,359000,,50260,14,19,,available,,1000.0,1000.0,,508591,Thiên Thủy RAINY 
263292983,1723942022881,Quy cách của sản phẩm Ống Hút Giấy- Chiều dài: 197 mm- Đường kính: 8.0 mm- Nguyên liệu: Giấy kraft trắng- Định lượng: 125gsm- Mực In: Dầu đậu nành- Kiểu dáng: Dạng ống thẳngỐng hút giấy phi 8 thích h...,32000,32000,,0,0,2,,available,,1000.0,1000.0,,8186791,ECOPINE
128868582,8286154941459,"Hơ lá trầu cho bé sơ sinh là 1 việc không thể thiếu để tăng cường sức đề kháng và phòng bệnh cho bé lâu dài.Sau sinh, các mẹ cần hơ lá trầu cho bé mỗi ngày trong vòng 1 thángTinh dầu lá trầu sẽ giúp:...",185250,195000,,9750,5,2,,available,,1000.0,1000.0,,111461,OEM
69193092,5573490241734,Bộ đầu nối vòi rửa bát tăng áp nối dài thân mềm 3 chế độ phun Hobby Home Decor VSTADAY kèm đầu chuyển renThông tin kỹ thuậtChất liệu nhựa ABSCó dây nối dài - thân mềmXoay được 360Có 3 chế độ ...,81000,119000,,38000,32,164,,available,,1000.0,1000.0,,230607,Hobby Home Decor
53922848,5183374103784,"Cân điện tử cầm tay kỹ thuật số 50kg là món đồ cận thiết cho mỗi chuyến du lịch, bạn chỉ cần treo hành lý muốn cân vào móc cân là đã có thể cân lên đến 50Kg với sai số chỉ ± 1%. Sản phẩm có màn hình L...",95000,95000,,0,0,14,,available,,1000.0,1000.0,,111461,OEM
578970,1221012073885,Dòng sản phẩm chảo chống dính cao cấp từ SUNHOUSE CS20 với độ dày 2.4mm kết hợp với công nghệ chống dính whitford- thương hiệu chống dính hàng đầu thế giới  giúp việc nấu nướng đơn giản và dễ dàng hơn...,87000,140000,,53000,38,8,,available,,1000.0,1000.0,,41048,Sunhouse
35614588,8020408853888,"Thổi bùng đam mê nấu nướng với những đồ bếp núc sáng choangThớt Inox 304 - được làm từ Inox 304 cực kỳ dày dặn, chắc chắn - được chứng nhận chất lượng và chất liệu an toàn cho sức khoẻdùng thớt Inox l...",100000,145000,,45000,31,0,,available,,1000.0,1000.0,,111461,OEM
34170488,1207176602680,"1kg Túi zip (zipper) chỉ đỏ loại tốt, dàyTúi Zip có nhiều size được ứng dụng trong nhiều lĩnh vực:- Trong lĩnh vực thực phẩm, người dùng thường sử dụng túi Zipper chứa thức ăn nhanh và bảo quản các ...",75000,75000,,0,0,1,,available,,1000.0,1000.0,,111461,OEM
50730955,2175328441823,* Đặc điểm nổi bật:- Đầu vòi tăng áp 3 mức độ cho bồn rửa chén là một sản phẩm hữu hiệu bổ trợ cho vòi nước nhà bạn trở nên đa năng hơn. Thay vì vẫn cứ chảy mãi theo 1 kiểu thì đầu vòi tăng áp có thể...,99000,198000,,99000,50,0,,available,,1000.0,1000.0,,111461,OEM
69465633,5414589039767,"*CHÚ Ý: SHOP CHƯA XUẤT ĐƯỢC HÓA ĐƠN,QUÝ KHÁCH HÀNG CÂN NHẮC TRƯỚC KHI ĐẶT MUA.XIN CÁM ƠN SỰ  TỬ TẾ THÔNG CẢM CỦA QUÝ KHÁCH.Chất liệu: Sản phẩm được làm bằng inox cao cấp,cứng cáp,dày dặn,giúp hỗ trợ ...",170000,170000,,0,0,1,,available,,1000.0,1000.0,,111461,OEM
72015075,3174505176977,"Đầu gắn vòi nước tiện ích tăng áp, xoay 360 độ, hai chế độ nước, bằng đồng thau Waternymph ASQPQ034-N002 - sản phẩm cao cấp của Waternymph Co., đạt 47 giải thưởng sáng chế quốc tế:- Mã hiệu: ASQPQ034...",129000,189000,,60000,32,476,,available,,1000.0,1000.0,,709163,Waternymph
218728419,7056772278167,"THÔNG TIN SẢN PHẨM- Mài dao kéo là một việc rất cần thiết và thường xuyên trong gia đình- Dụng cụ mài dao 3 rãnh- Dụng cụ mài dao 3 rãnh được chế tạo từ loại thép siêu bền, không gỉ, nên rất dễ dàng ...",34000,34000,,0,0,0,,available,,1000.0,1000.0,,111461,OEM
28338289,3027479580748,"BỘ DAO 5 MÓN LÀM BẾP ĐA NĂNG THÉP HỢP KIM KHÔNG GỈ CAO CẤP - MÀU ĐEN– Chất liệu thép không gỉ, sắc bén giúp chế biến món ăn nhanh chóng.– Chống ăn mòn, kháng khuẩn, dễ lau chùi, độ bền cao.– Cán d...",58000,58000,,0,0,0,,available,,1000.0,1000.0,,111461,OEM
263058497,4199843682506,"Túi đựng thực phẩm, đồ khô, nước và dung dịch - An toàn, tái sử dụng nhiều lầnLoại bỏ tình trạng:Thực phẩm ẩm mốc, nhanh hỏngTủ lộn xộn, khó sắp xếpRác thải túi nilonTúi bảo quản thực phẩm chính là gi...",15000,19000,,4000,21,0,,available,,1000.0,1000.0,,839837,FuNu
252768585,1580746554787,"       THÔNG TIN SẢN PHẨM   - Dao được thiết kế nhỏ gọn, đẹp mắt, thuận tiện cho việc cắt, gọt trái cây.   - Lưỡi dao bằng thép không gỉ, sắc bén, cho thao tác dễ dàng.   - Tay cầm bằng nhựa đư...",30000,35000,,5000,14,2,,available,,1000.0,1000.0,,111461,OEM
133775658,5198440126845,"Chảo chống dính đáy từ vân đá Green Cook, chảo chống dính bếp từ Green Cook GCP02️ Bề mặt CHẢO CHỐNG DÍNH GREEN COOK ĐÁY TỪ phủ chống dính vân đá 2 mặt trong và ngoài theo tiêu chuẩn Châu Âu hoà...",223000,315000,,92000,29,33,,available,,1000.0,1000.0,,193741,Green Cook
169356266,6405894709560,"       Bếp Điện Đa Năng   Phù hợp với gia đình và các bạn sinh viên    MÔ TẢ SẢN PHẨM   - Tên sản phẩm: Bếp Điện Đa Năng Thông Minh tặng dụng cụ ăn   - Quà tặng :môi, xẻng gỗ, thìa dĩa, bát ăn...",231360,241000,,9640,4,0,,available,,1000.0,1000.0,,111461,OEM
207810498,6685096928271,"Cân điện tử để bàn VinBuy 5kgNgày nay, khi vật giá đang ngày càng leo thang thì việc tính toán chi phí chi tiêu trong gia đình cũng là một vấn đề đáng quan tâm của các bà nội trợ. Tuy nhiên, thật bực...",71000,120000,,49000,41,11,,available,,1000.0,1000.0,,4224691,VinBuy
136096063,9652186041062,"ĐẶC ĐIỂM NỔI BẬTChất liệu inox cao cấp không bị oxy hoá, an toàn cho sức khỏeKích thước nồi lớn, dễ dàng luộc 2-3 con gà nguyên conQuai inox hàn nhiệt chắc chắn, an toàn khi sử dụngĐáy inox dày, ...",370000,370000,,0,0,2,,available,,1000.0,1000.0,,5074117,GDV
195951151,9969013881349,"Máy Xay Tỏi Ớt Bằng Pin Sạc VinBuy Tiện Lợi, Xay Đồ Đa Năng Xay Đồ Ăn Dặm Cho Bé Với 3 Lưỡi Dao Thép Không Gỉ, Dung Tích 100ml, 250ml – Hàng Chính Hãng- Sản phẩm được làm bằng nhựa cao cấp, an toàn, ...",141000,239000,,98000,41,58,,available,,1000.0,1000.0,,4224691,VinBuy
193645842,9769740296934,"Nồi lẩu chống dính Elmich EL-4403OL size 26cm có đường kính 26cm, cao 8.5cm. Thành nồi cao giúp đun được lượng nước lẩu nhiều hơn. Ngoài chức năng nấu lẩu, bạn có thể sử dụng nồi để xào, nấu, luộ Nồi...",439000,690000,,251000,36,6,,available,,1000.0,1000.0,,31627,Elmich
83743072,8041271215326,"       Mã TTLTB25XL299   Link đặt hàng    dùng để nấu canh,đun nước sôi,nấu mỳ,hấp đồ ăn.    Vung kính có vỉ hấp đồ ăn bên trong.   ----------------------------------   ----------------------...",350000,350000,,0,0,0,,available,,1000.0,1000.0,,111461,OEM
56612464,5778844211986,"Hộp thiết kế gọn gàng, chắc chắn phù hợp để mang đi lại hàng ngày.2 lớp cách nhiệt có thể tháo rời: giữ nhiệt thức ăn lâu hơn, lại vệ sinh dễ dàng.Chia ngăn đựng thức ăn tách riêng, sạch sẽ, không bị ...",238000,250000,,12000,5,432,,available,,1000.0,1000.0,,111461,OEM
249970010,5194912379408,"Chất liệu inox 304 cao cấp, tuyệt đối an toànChảo inox 3 lớp Elmich EL-3846OL Size 24cm sử dụng chất liệu lớp trong cùng là inox 304 cao cấp an toàn cho thực phẩm. Inox 304 được khẳng định là hợp kim...",389000,599250,,210250,35,10,,available,,1000.0,1000.0,,31627,Elmich
52885368,4904460538850,"Túi zipper đáy đứng dùng trong việc bảo quản thực phẩm, đựng đồ dùng trong gia đình hoặc được dùng để đựng linh kiện trong các ngành điện tử.Chiếc túi zipper bé nhỏ này sẽ giúp bạn phân chia hàng hóa,...",64000,69000,,5000,7,232,,available,,1000.0,1000.0,,7304105,Túi ni lông tự phân hủy sinh học GIMEX II
242657464,6721122743612,"       Đặc điểm nổi bật:   - Bộ nồi được làm từ inox SUS201   - Vung kính cường lực, chịu nhiệt tốt   - Thiết kế đáy từ, sử dụng được trên mọi loại bếp   - Bề mặt inox sáng bóng, dễ vệ sinh  ...",517750,543000,,25250,5,0,,available,,1000.0,1000.0,,41048,Sunhouse
191918105,2998456365011,Bộ Bàn Chải Vệ Sinh Các Khe LocknLock ETM415 với đầu lông nhỏ và nhọn dễ dàng làm sạch gioăng silicone của các hộp đựng thực phẩm Chà sạch bụi bẩn ở những khe hẹp mà nhữnh dụng cụ khác khó có thể làm...,29000,39000,,10000,26,2,,available,,1000.0,1000.0,,48077,LocknLock
7974380,9964548185210,"Thiết kế tinh tế sang trọng, phù hợp với không gian bếp hiện đạiSản phẩm được làm từ hợp kim nhôm Anod cứng bằng công nghệ tiên tiến giúp sản phẩm có độ cứng và bền vững cao, chống ăn mòn, chịu đư...",450900,450900,,0,0,0,,available,,1000.0,1000.0,,41048,Sunhouse
32178099,8553607565677,"Cấu tạo siêu bền, công nghệ tiên tiếnNồi Áp Suất Nagakawa NAG1451 Công năng nấu, hầm nhừ thực phẩmBề mặt xử lý công nghệ tiên tiến giúp sản phẩm cứng và chắc. Nồi được làm bằng chất liệu hợp kim nhô...",444000,565000,,121000,21,79,,available,,1000.0,1000.0,,110935,Nagakawa
55365176,5408782531210,"Túi zip có đặc điểm là dai, bền, được thiết kế có khóa miết do vậy ta có thể dán kín miệng túi mà không cần dùng chun hay dây để buộc túiTúi zip được dùng để đựng rất nhiều loại đồ dùng khác nhau nh...",34000,39000,,5000,13,247,,available,,1000.0,1000.0,,7304105,Túi ni lông tự phân hủy sinh học GIMEX II
138150681,2883704657166,"UY TÍN- CHẤT LƯỢNGCAM KẾT HỖ TRỢ ĐỔI TRẢ BẢO HÀNH TỐT NHẤTKỆ ĐỰNG GIA VỊ CAO CẤPSẢN PHẨM CỰC KÌ CẦN THIẾT CHO GIAN BẾP NHÀ BẠNKhông gian bếp thường rất bừa bộn vì có rất nhiều chai, lọ đường g...",621000,621000,,0,0,0,,available,,1000.0,1000.0,,111461,OEM
72652203,9481579402999,"Hộp đựng thức ăn cho bé Lock&Lock có vạch chia 230ml x 3 hộp LLG508S3 làm từ thủy tinh Borosilicate chịu nhiệt (từ -20 độ C lên đến 400℃), an toàn và đáng tin cậyHộp đựng thức ăn kín hơiThiết ...",350000,350000,,0,0,0,,available,,1000.0,1000.0,,48077,LocknLock
579850,1225784667617,"Chảo Trơn Chống Dính Sunhouse CT26 26cm với chất liệu hợp kim nhôm phủ lớp chống chính an toàn và siêu bền, không dễ bong tróc lớp chống dính trên bề mặt như những loại chảo khác và đặc biệt là không ...",129000,210000,,81000,39,225,,available,,1000.0,1000.0,,41048,Sunhouse
14448546,3317024827610,"- Đối với những loại bật lửa đắt tiền bạn nên sử dụng những loại Gas tốt không tạp chất để đảm bảo cho bật lửa và cho chính bạn. Bình gas cho bật lửa sau khi bơm, nạp gas vào hộp quẹt, bật lửa rất nhạ...",59800,59800,,0,0,15,,available,,1000.0,1000.0,,111461,OEM
76032639,5810915617324,  THÔNG TIN CHI TIẾT:  Tên sản phẩm: Chảo đúc men đá Greencook GCP06 Gồm các size:- GCP05-20IH - 20cm- GCP05-24IH - 24cm- GCP05-26IH - 26cm- GCP05-28IH - 28cm Chất liệu: Hợp kim nhôm Chất liệu...,202000,559000,,357000,64,3,,available,,1000.0,1000.0,,193741,Green Cook
68716601,2072553546654,"Thiết kế đơn giản, tinh tếDao Gọt Hoa Quả Sunhouse KS-KN100PS được thiết kế đơn giản với màu bạc sáng bóng, không chỉ hỗ trợ tối đa cho công việc bếp núc mà còn góp phần mang đến vẻ trang nhã, hiện đ...",33000,49000,,16000,33,206,,available,,1000.0,1000.0,,41048,Sunhouse
7221847,8479744178320,"Thân nồi được làm bằng inox cao cấpBộ Nồi Inox 5 Đáy Sunhouse Mama SH784 chất liệu inox cao cấp giúp cho bộ nồi SH784 sáng bóng, dễ dàng lau chùi, vệ sinh. Kiểu dáng của bộ nồi sang trọng,...",779000,1340000,,561000,42,286,,available,,1000.0,1000.0,,41048,Sunhouse
157029078,1209740556806,"       TINARI STORE XIN CHÀO CÁC BẠN   Cám ơn các bạn đã ghé thăm cửa hàng, hi vòng các bạn sẽ lựa chọn được những sản phẩm ưng ý và trải nghiệm mua sắm tốt nhất cùng Tinari.   Tên sản phẩm: Bếp...",301670,311000,,9330,3,0,,available,,1000.0,1000.0,,111461,OEM
48510374,6340435855627,"TÚI LỌC RÁC BỒN RỬA BÁT GOLDSEEE HÀNG VIỆT NAM CHÍNH HÃNGTắc nghẽn chậu rửa bát chính là việc chậu rửa thoát nước chậm, hay nước bị ứ đọng lại không trôi đươc đó.Mà nguyên nhân chủ yếu, thì vẫn là...",129000,200000,,71000,36,347,,available,,1000.0,1000.0,,218129,Goldseee
148810239,2145555562193,"Hộp Cơm Cắm Điện Đời Mới Chính Hãng MINIIN, Hâm Nóng, Giữ Nhiệt, Nấu Chín Cơm Và Thức Ăn, 2 Tầng Nhỏ Gọn, 4 Bát Innox Không Gỉ, Tặng Kèm Bộ Đũa Và Thìa, Đa Chức Năng, Dễ Dàng Vệ SinhĐặc điểm nổi bật ...",226100,259000,,32900,13,50,,available,,1000.0,1000.0,,5132069,MINIIN
7699066,7010878370030,"Chảo Nhôm Sâu Lòng Chống Dính Lock&Lock Baum Marble 1 Tay Cầm, Nắp Thủy Tinh LBU1305 (30cm) mang đến sự tinh tế và sang trọng, là đồ dùng nhà bếp được trau chuốt bởi thiết kế hiện đại và mới mẻ....",408000,879000,,471000,54,453,,available,,1000.0,1000.0,,48077,LocknLock
73829087,7039379695848,Kệ để đồ rửa chén bát gác trên bồn rửa inox 304 Hobby Home Decor KRC5 có khay hứng nướcThông tin kỹ thuậtChất liệu Inox 304 không rỉ sétKèm khay nhựa hứng nướcKích thước chi tiết ở hình sản p...,95000,159000,,64000,40,267,,available,,1000.0,1000.0,,230607,Hobby Home Decor
3526073,3303053642539,"Bộ Túi Hộp Cơm Thủy Tinh Lock&Lock 3EA LLG428M2 có thiết kế gọn nhẹ, thích hợp dùng để đựng thức ăn đi học, đi làm hay dã ngoạThố dạng chữ nhật với chất liệu thủy tinh trong suốt, có thể chịu đư...",299000,660000,,361000,55,859,,available,,1000.0,1000.0,,48077,LocknLock
273083518,5908855587164,"Bộ nồi xửng hấp 1 đáy từ inox 430 H.T cook nắp kính 28cm Bộ Nồi Xửng Hấp có nắp bằng kính cường lực dày, bên ngoài viền inox tăng độ bền và chống vỡ khá tốt. Tay cầm thiết kế inox, cách nhiệt an toàn ...",499000,499000,,0,0,0,,available,,1000.0,1000.0,,111461,OEM
208772104,5393474840171,"* Bộ 5 bát inox cao cấp có nắp đậy với thiết kế thông minh vói bát được làm bằng chất liệu inox không rỉ đặc biệt an toàn đẹp sáng bóng.* Sản phẩm bao gồm 5 thố với đường kính lần lượt là 10cm, 12cm, ...",149000,199000,,50000,25,1,,available,,1000.0,1000.0,,111461,OEM
7699060,1990921024041," Nồi Nhôm Chống Dính Lock&Lock Baum Marble 2 Tay Cầm, Nắp Thủy Tinh LBU1242 (24cm) mang đến sự tinh tế và sang trọng, là đồ dùng nhà bếp được trau chuốt bởi thiết kế hiện đại và mới mẻ.Sản phẩm...",401000,866000,,465000,54,136,,available,,1000.0,1000.0,,48077,LocknLock
51265505,2382661349888,"Hộp thiết kế gọn gàng, chắc chắn phù hợp để mang đi lại hàng ngày.2 lớp cách nhiệt có thể tháo rời: giữ nhiệt thức ăn lâu hơn, lại vệ sinh dễ dàng.Chia ngăn đựng thức ăn tách riêng, sạch sẽ, không bị ...",185000,194500,,9500,5,226,,available,,1000.0,1000.0,,111461,OEM
181909422,3220972593473,Chảo Sâu Lòng Suit LocknLock CSU1225PIK có phần Ion cảm ứng được phủ đầy đủ và rộng rãi dươi đáy làm gia tăng tác dụng hấp thụ nhiệtBề mặt đáy mịn giúp giảm thiểu vết xước khi cọ sátThiết kế tay cầm...,301000,677000,,376000,56,57,,available,,1000.0,1000.0,,48077,LocknLock
650496,4118159959400," Hũ Thủy Tinh Nắp Cài Kín Hơi Fido Bormioli Rocco 149220M04321991 (1000ml) được làm từ thủy tinh của Ý, sáng đẹp và có độ trong tinh khiết, an toàn cho sức khỏe người dùng. Chất liệu thủy tinh, sáng...",141000,186000,,45000,24,94,,available,,1000.0,1000.0,,41506,Bormioli Rocco
53036292,1635046253715,THÔNG TIN CHI TIẾTTên sản phẩm: Nồi áp suất đun ga FujikaLoại sản phẩm: Nồi áp suất không dùng điệnDung tích: 3L - 4L - 5L - 7L - 9L - 11LChất liệu: Hợp kim nhômSử dụng trên bếp từ: CóChất liệu ...,473000,473000,,0,0,14,,available,,1000.0,1000.0,,295203,FUJIKA
14605484,2738720869963,Bộ Nồi Xửng Hấp Fivestar Nắp Kính Tặng 10 Muỗng InoxBộ nồi xửng 24cm:Bộ nồi xửng 26cm:Bộ nồi xửng 28-30-32cm...,455000,479000,,24000,5,37,,available,,1000.0,1000.0,,20304,Fivestar
537929,1222035861725,"  Bộ 3 Nồi Inox 3 Đáy Vung Kính Bếp Từ Sunhouse SH888 (16cm, 20cm, 24cm)   bao gồm 3 nồi với kích thước lần lượt 16cm, 20cm và 24cm đáp ứng tốt nhu cầu sử dụng. Thân nồi được thiết kế thân phẳng, kiểu...",629000,1040000,,411000,40,0,,available,,1000.0,1000.0,,41048,Sunhouse
178095761,2049812054857,"TRỌN BỘ COMBO GỒM 1 CHẬU RỬA BÁT 1 HỐ VALENZA SUS304 KÍCH THƯỚC 60X45, 1 BỘ XẢ XIPHONG CHẬU, 1 BỘ VÒI RỬA BÁT VALENZA INOX SUS304 DÂY RÚT 01 NÓNG LẠNH, RÁ INOX ĐA NĂNG CO GIÃN, BÌNH XÀ PHÒNG CẮM CHẬU,...",1214000,1785000,,571000,32,1,,available,,1000.0,1000.0,,625099,Valenza
138460516,3544662500668,Ấm đun nước inox HappyCook được làm từ chất liệu inox cao cấp không những đảm bảo an toàn cho sức khoẻ của gia đình bạn mà còn giúp đun nước sôi một cách nhanh chóng và tiện lợi.Quai ấm được bọc lớp...,188000,307000,,119000,39,71,,available,,1000.0,1000.0,,21125,Happy Cook
10227148,3182004464419,"Dụng Cụ Mài Dao 3 Lớp Lock&Lock CKK112 (245 x 53 mm) có thể dùng để mài dao bằng kim loại, mài bén lưỡi dao cùn một cách dễ dàng, nhanh chóng.Chỉ cần đặt dao vào rãnh và kéo, mọi chuyện sẽ hoàn ...",128000,275000,,147000,53,514,,available,,1000.0,1000.0,,48077,LocknLock
1084778,4151142294102,"Chảo Chống Dính Vân Đá Đáy Từ HappyCook MFP-28IH GRAY (28cm) sử dụng được trên bếp gas, bếp hồng ngoại và bếp từ, để mỗi phút giây v&agr...",246000,395000,,149000,38,74,,available,,1000.0,1000.0,,21125,Happy Cook
252853870,1070038358783,"Bộ 7 Khuôn Làm Cơm Nắm Cho Bé Nhiều Hình - Tặng Kèm Vá Múc CơmChất liệu: nhựa PP cao cấp, an toàn không độc hạiKiểu dáng: nhiều hình khác nhauMàu sắc: màu trắngBên trong khuôn có các lỗ tròn giúp ...",6000,6000,,0,0,50,,available,,1000.0,1000.0,,5219281,AGOMI
128677198,8958108959308,"Bộ Dao Nhật 5 Món ( 1Chặt, 1Thái, 1Cắt Rau Củ, 1 Kéo Cắt, 1 Thanh Mài) Cho Nhà Bếp, Nhà Hàng Kèm Giá Đựng- Chất Thép Nguyên Khối Không Gỉ- Hàng Chĩnh Hãng MINIIN– 1 giá để dao có thể điều chỉ...",169000,231000,,62000,27,22,,available,,1000.0,1000.0,,5132069,MINIIN
107076506,5639573583919,"       Túi Lọc Rác Bồn Rửa Bát (Túi 100 Chiếc)   Bạn mệt mỏi vì đường ống thoát nước rửa bát bị tắc, bạn mệt mỏi vì phải lau rửa bồn rửa bát chứa nhiều cặn bẩn.   ************THÔNG TIN MÔ TẢ SẢN...",19000,19000,,0,0,1,,available,,1000.0,1000.0,,111461,OEM
149146231,1520613058745,"       Đặc điểm nổi bật   Chất liệu inox sáng bóng, bền đẹp, sử dụng được trên mọi loại bếp   Quai núm bằng inox, đinh tán chắc chắn, an toàn khi sử dụng   Đáy nồi cấu tạo 3 lớp, truyền nhiệt n...",480000,480000,,0,0,1,,available,,1000.0,1000.0,,41048,Sunhouse
185910176,3611176538579,"Giấy Nến Vàng Lót Nồi Chiên Không Dầu Sạch Sẽ Tiện Dụng An Toàn Cho Sức Khỏe+ THÔNG TIN SẢN PHẨM:- Giấy nến vàng được sử dụng cho nồi chiên không dầu với mục đích hứng dầu mỡ, thức ăn vụn bám bẩn và...",85000,85000,,0,0,169,,available,,1000.0,1000.0,,5063093,Jodily StarHome
253389981,2524207180060,"       Dòng thủy tinh chịu nhiệt Oven Glass của Lock&Lock   Chất liệu : thân bằng thủy tinh chịu nhiệt , nắp bằng nhựa PP   Màu sắc : Trắng trong   -.Dung tích 380ml - Hình chữ nhật - Kích ...",56000,110000,,54000,49,3,,available,,1000.0,1000.0,,48077,LocknLock
80877210,1277018616395,"- Có thể dùng đồ xôi và các món hấp, luộc (Thịt, cá, tôm, bánh bao,) -* Sản phẩm được thiết kế 03 đáy giúp tản nhiệt đều, làm cho món ăn chín đều hơn, nhanh hơn và ngon hơn.* Thức ăn của bạn được bả...",300000,300000,,0,0,1,,available,,1000.0,1000.0,,111461,OEM
74296344,2490978497366," Chảo vuông Lock&Lock Handycook LHD1146 14cm không có chứa thành phần PFOA/PFOS gây hại cho cơ thể người, an toàn khi sử dụng.Bên trong sản phẩm được phủ chống dính, giúp thức ăn không bám dín...",111000,264000,,153000,58,235,,available,,1000.0,1000.0,,48077,LocknLock
5146283,4747997775899,"ẤM ĐUN NƯỚC INOX 304 ELMICH 3L EL3373 DÙNG BẾP TỪMã sản phẩm: EL-3373Code: 2353353Thương hiệu: ElmichXuất xứ: Cộng Hoà SécChất liệu: Inox 304, Tay cầm silicon cách nhiệtMàu sắc: BạcKích thước hộp: 21...",626000,890000,,264000,30,272,,available,,1000.0,1000.0,,31627,Elmich
202840456,5610961907336,Kệ Lò Vi Sóng Effect Đa Năng - GM02 là một chiếc kệ thần kỳ với công năng thần thánh có thể trợ giúp lưu trữ đồ vật tối ưu trong ngôi nhà của bạn.Chiếc kệ để đồ đa năng có thể lắp đặt trong nhà b...,142000,154000,,12000,8,166,,available,,1000.0,1000.0,,523789,IGA
67262282,1745745199211,Túi Hút Chân Không Thực Phẩm Hai Mặt TrơnGiới Thiệu Sản PhẩmĐóng gói chân không thực phẩm là một phương pháp bảo quản thực phẩm đang được áp dụng phổ biến và tiên tiến trong cuộc sống hiện đại nhằm...,89000,89000,,0,0,5,,available,,1000.0,1000.0,,111461,OEM
7635008,4685277957415,Giới thiệu cuộn túi hút chân không thực phẩm dùng cho máy hút chân khôngTúi PA/PE hút chân không là các túi dùng để bảo quản thực phẩm bên trong và được xử lý theo công nghệ rút chân không bằng máy h...,57000,60000,,3000,5,205,,available,,1000.0,1000.0,,111461,OEM
54585744,2984795538260,"Kệ để gia vị đa năng màu đen bằng inox  thiết kế sang trọng thời thượngBỘ SẢN PHẨM GỒM:- Ống để dao,- Ống để đũa thìa,- khay để Bát, Đĩa- Khay hứng nướcTIỆN LỢI: Có thể xếp gọn gàng nếu không s...",223000,265000,,42000,16,32,,available,,1000.0,1000.0,,111461,OEM
196571419,9012813256669,"ĐẶC ĐIỂM NỔI BẬTĐáy 5 lớp truyền nhiệt tốt – tỏa nhiệt đều3 lớp chống dính bền bỉ, cao cấp và an toàn tuyệt đốiTay cầm nhựa Bakelit cách nhiệt tốtĐáy từ dùng được trên mọi loại bếpLà thương hiệu...",175000,175000,,0,0,10,,available,,1000.0,1000.0,,41048,Sunhouse
485396,1220390980037,"Dễ dàng sử dụngGiá Lấy Ly/Cốc Giấy Tự Động Kova Hàn Quốc GDL được lắp đặt với nam châm bảng to nên bạn chỉ cần ốp vào các loại máy mà bạn muốn như máy nóng lạnh, máy pha cà phê, máy bán hàng tự động....",275000,380000,,105000,28,176,,available,,1000.0,1000.0,,20324,KOVA
133709101,5570194288349," Hàng dày bền đẹp- Bề mặt nồi bằng inox 430 sáng bóng, không bám bẩn nên rất dễ dàng khi vệ sinh.- Xửng hấp được thiết kế vừa giúp hơi tỏa đều vừa giúp thực phẩm ráo nước, đảm bảo hương vị của món ...",605000,605000,,0,0,0,,available,,1000.0,1000.0,,111461,OEM
